{"entities":{"pages":{"Cheat-Sheets":{"id":"Cheat-Sheets","title":"Cheat Sheets","url":"cheat-sheets.html","level":0,"pages":["Prisma","NX","NPX","NPM","NestJS","Git","Docker","Angular"],"tabIndex":0},"Prisma":{"id":"Prisma","title":"Prisma","url":"prisma.html","level":1,"parentId":"Cheat-Sheets","tabIndex":0},"NX":{"id":"NX","title":"Nx","url":"nx.html","level":1,"parentId":"Cheat-Sheets","tabIndex":1},"NPX":{"id":"NPX","title":"Npx","url":"npx.html","level":1,"parentId":"Cheat-Sheets","tabIndex":2},"NPM":{"id":"NPM","title":"Npm","url":"npm.html","level":1,"parentId":"Cheat-Sheets","tabIndex":3},"NestJS":{"id":"NestJS","title":"Nest","url":"nestjs.html","level":1,"parentId":"Cheat-Sheets","tabIndex":4},"Git":{"id":"Git","title":"Git","url":"git.html","level":1,"parentId":"Cheat-Sheets","tabIndex":5},"Docker":{"id":"Docker","title":"Docker","url":"docker.html","level":1,"parentId":"Cheat-Sheets","tabIndex":6},"Angular":{"id":"Angular","title":"Angular","url":"angular.html","level":1,"parentId":"Cheat-Sheets","tabIndex":7}}},"topLevelIds":["Cheat-Sheets"]}