{"entities":{"pages":{"Cheat-Sheets":{"id":"Cheat-Sheets","title":"Cheat Sheets","url":"cheat-sheets.html","level":0,"pages":["Angular","Docker","Git","Nano","NestJS","NPM","NPX","NX","Prisma","Unix","Vim"],"tabIndex":0},"Angular":{"id":"Angular","title":"Angular","url":"angular.html","level":1,"parentId":"Cheat-Sheets","tabIndex":0},"Docker":{"id":"Docker","title":"Docker","url":"docker.html","level":1,"parentId":"Cheat-Sheets","tabIndex":1},"Git":{"id":"Git","title":"Git","url":"git.html","level":1,"parentId":"Cheat-Sheets","tabIndex":2},"Nano":{"id":"Nano","title":"Nano","url":"nano.html","level":1,"parentId":"Cheat-Sheets","tabIndex":3},"NestJS":{"id":"NestJS","title":"Nest","url":"nestjs.html","level":1,"parentId":"Cheat-Sheets","tabIndex":4},"NPM":{"id":"NPM","title":"Npm","url":"npm.html","level":1,"parentId":"Cheat-Sheets","tabIndex":5},"NPX":{"id":"NPX","title":"Npx","url":"npx.html","level":1,"parentId":"Cheat-Sheets","tabIndex":6},"NX":{"id":"NX","title":"Nx","url":"nx.html","level":1,"parentId":"Cheat-Sheets","tabIndex":7},"Prisma":{"id":"Prisma","title":"Prisma","url":"prisma.html","level":1,"parentId":"Cheat-Sheets","tabIndex":8},"Unix":{"id":"Unix","title":"Unix","url":"unix.html","level":1,"parentId":"Cheat-Sheets","tabIndex":9},"Vim":{"id":"Vim","title":"Vim","url":"vim.html","level":1,"parentId":"Cheat-Sheets","tabIndex":10}}},"topLevelIds":["Cheat-Sheets"]}