{"entities":{"pages":{"Terminal":{"id":"Terminal","title":"Terminal","url":"terminal.html","level":0,"pages":["Angular","Docker","Git","NestJS","NPM","NPX","NX","Prisma"],"tabIndex":0},"Angular":{"id":"Angular","title":"Angular","url":"angular.html","level":1,"parentId":"Terminal","tabIndex":0},"Docker":{"id":"Docker","title":"Docker","url":"docker.html","level":1,"parentId":"Terminal","tabIndex":1},"Git":{"id":"Git","title":"Git","url":"git.html","level":1,"parentId":"Terminal","tabIndex":2},"NestJS":{"id":"NestJS","title":"Nest","url":"nestjs.html","level":1,"parentId":"Terminal","tabIndex":3},"NPM":{"id":"NPM","title":"Npm","url":"npm.html","level":1,"parentId":"Terminal","tabIndex":4},"NPX":{"id":"NPX","title":"Npx","url":"npx.html","level":1,"parentId":"Terminal","tabIndex":5},"NX":{"id":"NX","title":"Nx","url":"nx.html","level":1,"parentId":"Terminal","tabIndex":6},"Prisma":{"id":"Prisma","title":"Prisma","url":"prisma.html","level":1,"parentId":"Terminal","tabIndex":7}}},"topLevelIds":["Terminal"]}